Name,Industry,Locations,Highly_Rated,Critically_Rated,Rating,Reviews,Interviews,Number_of_Locations
TCS,IT Services & Consulting , Bangalore / Bengaluru +391 other locations,"Job Security, Work Life Balance","Job Security, Work Life Balance",3.7,91200,10500,392
TCS,IT Services & Consulting , Bangalore / Bengaluru +391 other locations,"Job Security, Work Life Balance","Promotions / Appraisal, Salary & Benefits, Work Satisfaction",3.7,91200,10500,392
Accenture,IT Services & Consulting , Bangalore / Bengaluru +210 other locations,"Company Culture, Job Security","Company Culture, Job Security",3.8,57500,8200,211
Accenture,IT Services & Consulting , Bangalore / Bengaluru +210 other locations,"Company Culture, Job Security","Promotions / Appraisal, Salary & Benefits",3.8,57500,8200,211
Wipro,IT Services & Consulting , Bangalore / Bengaluru +342 other locations,Job Security,Job Security,3.7,53900,5600,343
Wipro,IT Services & Consulting , Bangalore / Bengaluru +342 other locations,Job Security,"Promotions / Appraisal, Salary & Benefits, Work Satisfaction",3.7,53900,5600,343
Cognizant,IT Services & Consulting , Chennai +197 other locations,"Promotions / Appraisal, Salary & Benefits, Work Satisfaction","Promotions / Appraisal, Salary & Benefits, Work Satisfaction",3.7,51000,5600,198
Capgemini,IT Services & Consulting , Bangalore / Bengaluru +167 other locations,"Work Life Balance, Job Security","Work Life Balance, Job Security",3.7,42500,4800,168
Capgemini,IT Services & Consulting , Bangalore / Bengaluru +167 other locations,"Work Life Balance, Job Security","Promotions / Appraisal, Salary & Benefits",3.7,42500,4800,168
HDFC Bank,Banking , Mumbai +1663 other locations,"Job Security, Skill Development / Learning","Job Security, Skill Development / Learning",3.9,40300,2200,1664
HDFC Bank,Banking , Mumbai +1663 other locations,"Job Security, Skill Development / Learning",Promotions / Appraisal,3.9,40300,2200,1664
Infosys,IT Services & Consulting , Bangalore / Bengaluru +216 other locations,Job Security,Job Security,3.6,40000,7600,217
Infosys,IT Services & Consulting , Bangalore / Bengaluru +216 other locations,Job Security,"Promotions / Appraisal, Salary & Benefits, Work Satisfaction",3.6,40000,7600,217
ICICI Bank,Banking , Mumbai +1357 other locations,"Job Security, Skill Development / Learning, Company Culture","Job Security, Skill Development / Learning, Company Culture",4.0,38700,2400,1358
HCLTech,IT Services & Consulting , Chennai +209 other locations,Job Security,Job Security,3.5,36800,3800,210
HCLTech,IT Services & Consulting , Chennai +209 other locations,Job Security,"Promotions / Appraisal, Salary & Benefits, Work Satisfaction",3.5,36800,3800,210
Tech Mahindra,IT Services & Consulting , Hyderabad / Secunderabad +295 other locations,"Promotions / Appraisal, Salary & Benefits, Work Satisfaction","Promotions / Appraisal, Salary & Benefits, Work Satisfaction",3.5,35700,3800,296
Genpact,IT Services & Consulting , Hyderabad / Secunderabad +143 other locations,"Job Security, Work Life Balance, Skill Development / Learning","Job Security, Work Life Balance, Skill Development / Learning",3.8,32000,3100,144
Genpact,IT Services & Consulting , Hyderabad / Secunderabad +143 other locations,"Job Security, Work Life Balance, Skill Development / Learning","Promotions / Appraisal, Salary & Benefits",3.8,32000,3100,144
Teleperformance,BPO , Mumbai +212 other locations,"Company Culture, Work Life Balance, Work Satisfaction","Company Culture, Work Life Balance, Work Satisfaction",3.9,30200,1800,213
Concentrix Corporation,BPO , Bangalore / Bengaluru +149 other locations,Job Security,Job Security,3.8,26800,1600,150
Concentrix Corporation,BPO , Bangalore / Bengaluru +149 other locations,Job Security,"Promotions / Appraisal, Salary & Benefits, Work Satisfaction",3.8,26800,1600,150
Axis Bank,Banking , Mumbai +1389 other locations,"Promotions / Appraisal, Work Satisfaction","Promotions / Appraisal, Work Satisfaction",3.8,25900,1500,1390
Amazon,Internet , Bangalore / Bengaluru +467 other locations,"Company Culture, Salary & Benefits, Work Life Balance","Company Culture, Salary & Benefits, Work Life Balance",4.1,25500,5000,468
Amazon,Internet , Bangalore / Bengaluru +467 other locations,"Company Culture, Salary & Benefits, Work Life Balance",Promotions / Appraisal,4.1,25500,5000,468
Jio,Telecom , Mumbai +1304 other locations,"Job Security, Skill Development / Learning, Work Life Balance","Job Security, Skill Development / Learning, Work Life Balance",4.0,23500,1800,1305
Jio,Telecom , Mumbai +1304 other locations,"Job Security, Skill Development / Learning, Work Life Balance",Promotions / Appraisal,4.0,23500,1800,1305
iEnergizer,BPO , Noida +41 other locations,"Company Culture, Work Life Balance, Work Satisfaction","Company Culture, Work Life Balance, Work Satisfaction",4.6,22800,620,42
Reliance Retail,Retail , Mumbai +1061 other locations,"Skill Development / Learning, Job Security","Skill Development / Learning, Job Security",3.9,22700,1600,1062
Reliance Retail,Retail , Mumbai +1061 other locations,"Skill Development / Learning, Job Security",Promotions / Appraisal,3.9,22700,1600,1062
IBM,IT Services & Consulting , Bangalore / Bengaluru +158 other locations,"Work Life Balance, Company Culture, Job Security","Work Life Balance, Company Culture, Job Security",4.0,22300,2400,159
IBM,IT Services & Consulting , Bangalore / Bengaluru +158 other locations,"Work Life Balance, Company Culture, Job Security",Promotions / Appraisal,4.0,22300,2400,159
LTIMindtree,IT Services & Consulting , Bangalore / Bengaluru +129 other locations,Work Life Balance,Work Life Balance,3.8,21400,2900,130
LTIMindtree,IT Services & Consulting , Bangalore / Bengaluru +129 other locations,Work Life Balance,"Promotions / Appraisal, Salary & Benefits",3.8,21400,2900,130
HDB Financial Services,NBFC , Mumbai +1006 other locations,"Company Culture, Job Security, Skill Development / Learning","Company Culture, Job Security, Skill Development / Learning",3.9,20700,807,1007
HDB Financial Services,NBFC , Mumbai +1006 other locations,"Company Culture, Job Security, Skill Development / Learning",Promotions / Appraisal,3.9,20700,807,1007
Larsen & Toubro Limited,Engineering & Construction , Chennai +679 other locations,"Job Security, Skill Development / Learning","Job Security, Skill Development / Learning",4.0,18900,1400,680
Larsen & Toubro Limited,Engineering & Construction , Chennai +679 other locations,"Job Security, Skill Development / Learning","Promotions / Appraisal, Work Life Balance",4.0,18900,1400,680
Deloitte,Management Consulting , Hyderabad / Secunderabad +164 other locations,"Job Security, Skill Development / Learning, Salary & Benefits","Job Security, Skill Development / Learning, Salary & Benefits",3.8,18000,2800,165
Deloitte,Management Consulting , Hyderabad / Secunderabad +164 other locations,"Job Security, Skill Development / Learning, Salary & Benefits","Work Life Balance, Work Satisfaction, Promotions / Appraisal",3.8,18000,2800,165
Kotak Mahindra Bank,Banking , Mumbai +627 other locations,"Promotions / Appraisal, Work Satisfaction, Salary & Benefits","Promotions / Appraisal, Work Satisfaction, Salary & Benefits",3.7,17200,1100,628
Reliance Industries,Oil & Gas , Jamnagar +743 other locations,"Job Security, Skill Development / Learning, Work Life Balance","Job Security, Skill Development / Learning, Work Life Balance",4.0,16300,1300,744
Reliance Industries,Oil & Gas , Jamnagar +743 other locations,"Job Security, Skill Development / Learning, Work Life Balance",Promotions / Appraisal,4.0,16300,1300,744
BYJU'S,EdTech , Bangalore / Bengaluru +314 other locations,"Job Security, Company Culture, Work Life Balance","Job Security, Company Culture, Work Life Balance",3.1,16200,2100,315
Vodafone Idea,Telecom , Pune +671 other locations,"Company Culture, Work Life Balance, Salary & Benefits","Company Culture, Work Life Balance, Salary & Benefits",4.0,15500,557,672
Bharti Airtel,Telecom , Gurgaon / Gurugram +720 other locations,"Skill Development / Learning, Salary & Benefits","Skill Development / Learning, Salary & Benefits",4.0,13900,851,721
Bharti Airtel,Telecom , Gurgaon / Gurugram +720 other locations,"Skill Development / Learning, Salary & Benefits",Promotions / Appraisal,4.0,13900,851,721
WNS,BPO , Pune +50 other locations,"Promotions / Appraisal, Salary & Benefits, Work Satisfaction","Promotions / Appraisal, Salary & Benefits, Work Satisfaction",3.4,12200,1000,51
Tata Motors,Automobile , Pune +473 other locations,"Job Security, Company Culture, Work Life Balance","Job Security, Company Culture, Work Life Balance",4.2,12100,1000,474
AU Small Finance Bank,Banking , Jaipur +705 other locations,"Company Culture, Work Life Balance, Job Security","Company Culture, Work Life Balance, Job Security",4.2,11700,522,706
IndusInd Bank,Banking , Mumbai +737 other locations,"Promotions / Appraisal, Company Culture, Work Satisfaction","Promotions / Appraisal, Company Culture, Work Satisfaction",3.5,11200,607,738
Ernst & Young,Management Consulting , Bangalore / Bengaluru +115 other locations,"Work Life Balance, Promotions / Appraisal, Work Satisfaction","Work Life Balance, Promotions / Appraisal, Work Satisfaction",3.4,11000,1100,116
Flipkart,Internet , Bangalore / Bengaluru +526 other locations,"Company Culture, Job Security, Skill Development / Learning","Company Culture, Job Security, Skill Development / Learning",3.9,10900,1300,527
Flipkart,Internet , Bangalore / Bengaluru +526 other locations,"Company Culture, Job Security, Skill Development / Learning",Promotions / Appraisal,3.9,10900,1300,527
IDFC FIRST Bank,Banking , Mumbai +628 other locations,"Salary & Benefits, Skill Development / Learning","Salary & Benefits, Skill Development / Learning",3.9,10400,648,629
DXC Technology,IT Services & Consulting , Bangalore / Bengaluru +105 other locations,Work Life Balance,Work Life Balance,3.7,10100,796,106
DXC Technology,IT Services & Consulting , Bangalore / Bengaluru +105 other locations,Work Life Balance,"Promotions / Appraisal, Salary & Benefits, Work Satisfaction",3.7,10100,796,106
Mahindra & Mahindra,Automobile , Pune +515 other locations,"Job Security, Skill Development / Learning, Company Culture","Job Security, Skill Development / Learning, Company Culture",4.1,10000,676,516
Mahindra & Mahindra,Automobile , Pune +515 other locations,"Job Security, Skill Development / Learning, Company Culture",Promotions / Appraisal,4.1,10000,676,516
Infosys BPM,BPO , Bangalore / Bengaluru +82 other locations,Job Security,Job Security,3.6,10000,950,83
Infosys BPM,BPO , Bangalore / Bengaluru +82 other locations,Job Security,"Salary & Benefits, Promotions / Appraisal, Work Satisfaction",3.6,10000,950,83
Bajaj Finserv,Financial Services , Pune +1005 other locations,"Salary & Benefits, Skill Development / Learning, Job Security","Salary & Benefits, Skill Development / Learning, Job Security",4.0,9500,522,1006
PwC,Management Consulting , Bangalore / Bengaluru +111 other locations,"Work Life Balance, Promotions / Appraisal, Work Satisfaction","Work Life Balance, Promotions / Appraisal, Work Satisfaction",3.4,9300,1400,112
