Name,Industry/Locations,Highly_Rated_For,Critically_Rated_For_name,Rating,Reviews,Interviews
TCS,IT Services & Consulting | Bangalore / Bengaluru +391 other locations,"Job Security, Work Life Balance","Job Security, Work Life Balance",3.7,91.2k,10.5k
TCS,IT Services & Consulting | Bangalore / Bengaluru +391 other locations,"Job Security, Work Life Balance","Promotions / Appraisal, Salary & Benefits, Work Satisfaction",3.7,91.2k,10.5k
Accenture,IT Services & Consulting | Bangalore / Bengaluru +210 other locations,"Company Culture, Job Security","Company Culture, Job Security",3.8,57.5k,8.2k
Accenture,IT Services & Consulting | Bangalore / Bengaluru +210 other locations,"Company Culture, Job Security","Promotions / Appraisal, Salary & Benefits",3.8,57.5k,8.2k
Wipro,IT Services & Consulting | Bangalore / Bengaluru +342 other locations,Job Security,Job Security,3.7,53.9k,5.6k
Wipro,IT Services & Consulting | Bangalore / Bengaluru +342 other locations,Job Security,"Promotions / Appraisal, Salary & Benefits, Work Satisfaction",3.7,53.9k,5.6k
Cognizant,IT Services & Consulting | Chennai +197 other locations,"Promotions / Appraisal, Salary & Benefits, Work Satisfaction","Promotions / Appraisal, Salary & Benefits, Work Satisfaction",3.7,51k,5.6k
Capgemini,IT Services & Consulting | Bangalore / Bengaluru +167 other locations,"Work Life Balance, Job Security","Work Life Balance, Job Security",3.7,42.5k,4.8k
Capgemini,IT Services & Consulting | Bangalore / Bengaluru +167 other locations,"Work Life Balance, Job Security","Promotions / Appraisal, Salary & Benefits",3.7,42.5k,4.8k
HDFC Bank,Banking | Mumbai +1663 other locations,"Job Security, Skill Development / Learning","Job Security, Skill Development / Learning",3.9,40.3k,2.2k
HDFC Bank,Banking | Mumbai +1663 other locations,"Job Security, Skill Development / Learning",Promotions / Appraisal,3.9,40.3k,2.2k
Infosys,IT Services & Consulting | Bangalore / Bengaluru +216 other locations,Job Security,Job Security,3.6,40k,7.6k
Infosys,IT Services & Consulting | Bangalore / Bengaluru +216 other locations,Job Security,"Promotions / Appraisal, Salary & Benefits, Work Satisfaction",3.6,40k,7.6k
ICICI Bank,Banking | Mumbai +1357 other locations,"Job Security, Skill Development / Learning, Company Culture","Job Security, Skill Development / Learning, Company Culture",4,38.7k,2.4k
HCLTech,IT Services & Consulting | Chennai +209 other locations,Job Security,Job Security,3.5,36.8k,3.8k
HCLTech,IT Services & Consulting | Chennai +209 other locations,Job Security,"Promotions / Appraisal, Salary & Benefits, Work Satisfaction",3.5,36.8k,3.8k
Tech Mahindra,IT Services & Consulting | Hyderabad / Secunderabad +295 other locations,"Promotions / Appraisal, Salary & Benefits, Work Satisfaction","Promotions / Appraisal, Salary & Benefits, Work Satisfaction",3.5,35.7k,3.8k
Genpact,IT Services & Consulting | Hyderabad / Secunderabad +143 other locations,"Job Security, Work Life Balance, Skill Development / Learning","Job Security, Work Life Balance, Skill Development / Learning",3.8,32k,3.1k
Genpact,IT Services & Consulting | Hyderabad / Secunderabad +143 other locations,"Job Security, Work Life Balance, Skill Development / Learning","Promotions / Appraisal, Salary & Benefits",3.8,32k,3.1k
Teleperformance,BPO | Mumbai +212 other locations,"Company Culture, Work Life Balance, Work Satisfaction","Company Culture, Work Life Balance, Work Satisfaction",3.9,30.2k,1.8k
Concentrix Corporation,BPO | Bangalore / Bengaluru +149 other locations,Job Security,Job Security,3.8,26.8k,1.6k
Concentrix Corporation,BPO | Bangalore / Bengaluru +149 other locations,Job Security,"Promotions / Appraisal, Salary & Benefits, Work Satisfaction",3.8,26.8k,1.6k
Axis Bank,Banking | Mumbai +1389 other locations,"Promotions / Appraisal, Work Satisfaction","Promotions / Appraisal, Work Satisfaction",3.8,25.9k,1.5k
Amazon,Internet | Bangalore / Bengaluru +467 other locations,"Company Culture, Salary & Benefits, Work Life Balance","Company Culture, Salary & Benefits, Work Life Balance",4.1,25.5k,5k
Amazon,Internet | Bangalore / Bengaluru +467 other locations,"Company Culture, Salary & Benefits, Work Life Balance",Promotions / Appraisal,4.1,25.5k,5k
Jio,Telecom | Mumbai +1304 other locations,"Job Security, Skill Development / Learning, Work Life Balance","Job Security, Skill Development / Learning, Work Life Balance",4,23.5k,1.8k
Jio,Telecom | Mumbai +1304 other locations,"Job Security, Skill Development / Learning, Work Life Balance",Promotions / Appraisal,4,23.5k,1.8k
iEnergizer,BPO | Noida +41 other locations,"Company Culture, Work Life Balance, Work Satisfaction","Company Culture, Work Life Balance, Work Satisfaction",4.6,22.8k,620
Reliance Retail,Retail | Mumbai +1061 other locations,"Skill Development / Learning, Job Security","Skill Development / Learning, Job Security",3.9,22.7k,1.6k
Reliance Retail,Retail | Mumbai +1061 other locations,"Skill Development / Learning, Job Security",Promotions / Appraisal,3.9,22.7k,1.6k
IBM,IT Services & Consulting | Bangalore / Bengaluru +158 other locations,"Work Life Balance, Company Culture, Job Security","Work Life Balance, Company Culture, Job Security",4,22.3k,2.4k
IBM,IT Services & Consulting | Bangalore / Bengaluru +158 other locations,"Work Life Balance, Company Culture, Job Security",Promotions / Appraisal,4,22.3k,2.4k
LTIMindtree,IT Services & Consulting | Bangalore / Bengaluru +129 other locations,Work Life Balance,Work Life Balance,3.8,21.4k,2.9k
LTIMindtree,IT Services & Consulting | Bangalore / Bengaluru +129 other locations,Work Life Balance,"Promotions / Appraisal, Salary & Benefits",3.8,21.4k,2.9k
HDB Financial Services,NBFC | Mumbai +1006 other locations,"Company Culture, Job Security, Skill Development / Learning","Company Culture, Job Security, Skill Development / Learning",3.9,20.7k,807
HDB Financial Services,NBFC | Mumbai +1006 other locations,"Company Culture, Job Security, Skill Development / Learning",Promotions / Appraisal,3.9,20.7k,807
Larsen & Toubro Limited,Engineering & Construction | Chennai +679 other locations,"Job Security, Skill Development / Learning","Job Security, Skill Development / Learning",4,18.9k,1.4k
Larsen & Toubro Limited,Engineering & Construction | Chennai +679 other locations,"Job Security, Skill Development / Learning","Promotions / Appraisal, Work Life Balance",4,18.9k,1.4k
Deloitte,Management Consulting | Hyderabad / Secunderabad +164 other locations,"Job Security, Skill Development / Learning, Salary & Benefits","Job Security, Skill Development / Learning, Salary & Benefits",3.8,18k,2.8k
Deloitte,Management Consulting | Hyderabad / Secunderabad +164 other locations,"Job Security, Skill Development / Learning, Salary & Benefits","Work Life Balance, Work Satisfaction, Promotions / Appraisal",3.8,18k,2.8k
Kotak Mahindra Bank,Banking | Mumbai +627 other locations,"Promotions / Appraisal, Work Satisfaction, Salary & Benefits","Promotions / Appraisal, Work Satisfaction, Salary & Benefits",3.7,17.2k,1.1k
Reliance Industries,Oil & Gas | Jamnagar +743 other locations,"Job Security, Skill Development / Learning, Work Life Balance","Job Security, Skill Development / Learning, Work Life Balance",4,16.3k,1.3k
Reliance Industries,Oil & Gas | Jamnagar +743 other locations,"Job Security, Skill Development / Learning, Work Life Balance",Promotions / Appraisal,4,16.3k,1.3k
BYJU'S,EdTech | Bangalore / Bengaluru +314 other locations,"Job Security, Company Culture, Work Life Balance","Job Security, Company Culture, Work Life Balance",3.1,16.2k,2.1k
Vodafone Idea,Telecom | Pune +671 other locations,"Company Culture, Work Life Balance, Salary & Benefits","Company Culture, Work Life Balance, Salary & Benefits",4,15.5k,557
Bharti Airtel,Telecom | Gurgaon / Gurugram +720 other locations,"Skill Development / Learning, Salary & Benefits","Skill Development / Learning, Salary & Benefits",4,13.9k,851
Bharti Airtel,Telecom | Gurgaon / Gurugram +720 other locations,"Skill Development / Learning, Salary & Benefits",Promotions / Appraisal,4,13.9k,851
WNS,BPO | Pune +50 other locations,"Promotions / Appraisal, Salary & Benefits, Work Satisfaction","Promotions / Appraisal, Salary & Benefits, Work Satisfaction",3.4,12.2k,1k
Tata Motors,Automobile | Pune +473 other locations,"Job Security, Company Culture, Work Life Balance","Job Security, Company Culture, Work Life Balance",4.2,12.1k,1k
AU Small Finance Bank,Banking | Jaipur +705 other locations,"Company Culture, Work Life Balance, Job Security","Company Culture, Work Life Balance, Job Security",4.2,11.7k,522
IndusInd Bank,Banking | Mumbai +737 other locations,"Promotions / Appraisal, Company Culture, Work Satisfaction","Promotions / Appraisal, Company Culture, Work Satisfaction",3.5,11.2k,607
Ernst & Young,Management Consulting | Bangalore / Bengaluru +115 other locations,"Work Life Balance, Promotions / Appraisal, Work Satisfaction","Work Life Balance, Promotions / Appraisal, Work Satisfaction",3.4,11k,1.1k
Flipkart,Internet | Bangalore / Bengaluru +526 other locations,"Company Culture, Job Security, Skill Development / Learning","Company Culture, Job Security, Skill Development / Learning",3.9,10.9k,1.3k
Flipkart,Internet | Bangalore / Bengaluru +526 other locations,"Company Culture, Job Security, Skill Development / Learning",Promotions / Appraisal,3.9,10.9k,1.3k
IDFC FIRST Bank,Banking | Mumbai +628 other locations,"Salary & Benefits, Skill Development / Learning","Salary & Benefits, Skill Development / Learning",3.9,10.4k,648
DXC Technology,IT Services & Consulting | Bangalore / Bengaluru +105 other locations,Work Life Balance,Work Life Balance,3.7,10.1k,796
DXC Technology,IT Services & Consulting | Bangalore / Bengaluru +105 other locations,Work Life Balance,"Promotions / Appraisal, Salary & Benefits, Work Satisfaction",3.7,10.1k,796
Mahindra & Mahindra,Automobile | Pune +515 other locations,"Job Security, Skill Development / Learning, Company Culture","Job Security, Skill Development / Learning, Company Culture",4.1,10k,676
Mahindra & Mahindra,Automobile | Pune +515 other locations,"Job Security, Skill Development / Learning, Company Culture",Promotions / Appraisal,4.1,10k,676
Infosys BPM,BPO | Bangalore / Bengaluru +82 other locations,Job Security,Job Security,3.6,10k,950
Infosys BPM,BPO | Bangalore / Bengaluru +82 other locations,Job Security,"Salary & Benefits, Promotions / Appraisal, Work Satisfaction",3.6,10k,950
Bajaj Finserv,Financial Services | Pune +1005 other locations,"Salary & Benefits, Skill Development / Learning, Job Security","Salary & Benefits, Skill Development / Learning, Job Security",4,9.5k,522
PwC,Management Consulting | Bangalore / Bengaluru +111 other locations,"Work Life Balance, Promotions / Appraisal, Work Satisfaction","Work Life Balance, Promotions / Appraisal, Work Satisfaction",3.4,9.3k,1.4k
